0,1,2,3,4,5,6,7,8,9,10,11,12,13,14,15,16,17,18,19,20,21
1,11,1,1,3,6,4,4,4,6,6,6,6,6,6,6,6,6,6,5,5,10
0.999,11,1,1,3,6,6,6,6,6,6,6,6,6,6,6,6,6,6,10,5,10
0.998,11,1,1,3,6,3,3,6,6,6,6,6,6,6,6,6,6,6,10,10,10
0.997,11,1,1,3,6,3,3,3,6,6,6,6,6,6,6,6,6,10,10,10,10
0.996,11,1,1,3,6,3,3,3,6,6,6,6,6,10,6,6,6,10,10,10,10
0.995,11,11,10,3,11,11,3,3,6,6,6,6,6,10,6,6,6,10,10,10,10
0.994,11,11,10,3,11,11,3,3,3,6,6,6,6,10,6,9,6,10,10,10,10
0.993,11,11,10,3,11,11,3,3,3,6,6,6,10,10,3,3,6,10,10,10,10
0.992,11,11,10,3,11,11,3,3,3,6,6,6,10,10,3,3,3,10,10,10,10
0.991,11,11,10,3,11,11,3,3,3,3,6,6,10,10,3,3,3,10,10,10,10
0.99,11,11,10,3,11,11,3,3,3,3,3,6,10,3,3,3,3,10,10,10,3
0.989,11,11,10,3,11,11,11,3,3,3,3,3,3,3,3,3,3,10,10,10,3
0.988,11,11,10,3,11,11,11,3,3,3,3,3,3,3,3,3,3,10,10,10,3
0.987,11,11,10,3,11,11,11,3,3,3,3,3,3,3,3,3,3,10,10,10,3
0.986,11,11,10,11,11,11,11,3,3,3,3,3,3,3,3,3,3,10,10,10,3
0.985,11,11,10,11,11,11,11,3,3,3,3,3,3,3,3,3,3,10,10,10,3
0.984,11,11,10,11,11,11,11,3,3,3,3,3,3,3,3,3,3,3,10,10,3
0.983,11,11,10,11,11,11,11,3,3,3,3,3,3,3,3,3,3,3,10,10,3
0.982,11,11,10,11,11,11,11,3,3,3,3,3,3,3,3,3,3,3,10,10,3
0.981,11,11,11,11,11,11,11,3,3,3,3,3,11,11,3,3,3,3,10,10,3
0.98,11,11,11,11,11,11,11,3,3,3,3,11,11,11,11,3,3,3,10,10,3
0.979,11,11,11,11,11,11,11,3,3,3,3,11,11,11,11,11,3,3,10,10,3
0.978,11,11,11,11,11,11,11,3,3,3,3,11,11,11,11,11,11,3,10,10,3
0.977,11,11,11,11,11,11,11,11,3,3,11,11,11,11,11,11,11,11,10,10,11
0.976,11,11,11,11,11,11,11,11,3,3,11,11,11,11,11,11,11,11,10,10,11
0.975,11,11,11,11,11,11,11,11,3,3,11,11,11,11,11,11,11,11,10,10,11
0.974,11,11,11,11,11,11,11,11,3,3,11,11,11,11,11,11,11,11,11,10,11
0.973,11,11,11,11,11,11,11,11,3,3,11,11,11,11,11,11,11,11,11,10,11
0.972,11,11,11,11,11,11,11,11,3,11,11,11,11,11,11,11,11,11,11,10,11
0.971,11,11,11,11,11,11,11,11,11,11,11,11,11,11,11,11,11,11,11,10,11
0.97,11,11,11,11,11,11,11,11,11,11,11,11,11,11,11,11,11,11,11,10,11
0.969,11,11,11,11,11,11,11,11,11,11,11,11,11,11,11,11,11,11,11,10,11
0.968,11,11,11,11,11,11,11,11,11,11,11,11,11,11,11,11,11,11,11,11,11
0.967,11,11,11,11,11,11,11,11,11,11,11,11,11,11,11,11,11,11,11,11,11
0.966,11,11,11,11,11,11,11,11,11,11,11,11,11,11,11,11,11,11,11,11,11
0.965,11,11,11,11,11,11,11,11,11,11,11,11,11,11,11,11,11,11,11,11,11
0.964,11,11,11,11,11,11,11,11,11,11,11,11,11,11,11,11,11,11,11,11,11
0.963,11,11,11,11,11,11,11,11,11,11,11,11,11,11,11,11,11,11,11,11,11
0.962,11,11,11,11,11,11,11,11,11,11,11,11,11,11,11,11,11,11,11,11,11
0.961,11,11,11,11,11,11,11,11,11,11,11,11,11,11,11,11,11,11,11,11,11
0.96,11,11,11,11,11,11,11,11,11,11,11,11,11,11,11,11,11,11,11,11,11
0.959,11,11,11,11,11,11,11,11,11,11,11,11,11,11,11,11,11,11,11,11,11
0.958,11,11,11,11,11,11,11,11,11,11,11,11,11,11,11,11,11,11,11,11,11
0.957,11,11,11,11,11,11,11,11,11,11,11,11,11,11,11,11,11,11,11,11,11
0.956,11,11,11,11,11,11,11,11,11,11,11,11,11,11,11,11,11,11,11,11,11
0.955,11,11,11,11,11,11,11,11,11,11,11,11,11,11,11,11,11,11,11,11,11
0.954,11,11,11,11,11,11,11,11,11,11,11,11,11,11,11,11,11,11,11,11,11
0.953,11,11,11,11,11,11,11,11,11,11,11,11,11,11,11,11,11,11,11,11,11
0.952,11,11,11,11,11,11,11,11,11,11,11,11,11,11,11,11,11,11,11,11,11
0.951,11,11,11,11,11,11,11,11,11,11,11,11,11,11,11,11,11,11,11,11,11
0.95,11,11,11,11,11,11,11,11,11,11,11,11,11,11,11,11,11,11,11,11,11
0.949,11,11,11,11,11,11,11,11,11,11,11,11,11,11,11,11,11,11,11,11,11
0.948,11,11,11,11,11,11,11,11,11,11,11,11,11,11,11,11,11,11,11,11,11
0.947,11,11,11,11,11,11,11,11,11,11,11,11,11,11,11,11,11,11,11,11,11
0.946,11,11,11,11,11,11,11,11,11,11,11,11,11,11,11,11,11,11,11,11,11
0.945,11,11,11,11,11,11,11,11,11,11,11,11,11,11,11,11,11,11,11,11,11
0.944,11,11,11,11,11,11,11,11,11,11,11,11,11,11,11,11,11,11,11,11,11
0.943,11,11,11,11,11,11,11,11,11,11,11,11,11,11,11,11,11,11,11,11,11
0.942,11,11,11,11,11,11,11,11,11,11,11,11,11,11,11,11,11,11,11,11,11
0.941,11,11,11,11,11,11,11,11,11,11,11,11,11,11,11,11,11,11,11,11,11
0.94,11,11,11,11,11,11,11,11,11,11,11,11,11,11,11,11,11,11,11,11,11
0.939,11,11,11,11,11,11,11,11,11,11,11,11,11,11,11,11,11,11,11,11,11
0.938,11,11,11,11,11,11,11,11,11,11,11,11,11,11,11,11,11,11,11,11,11
0.937,11,11,11,11,11,11,11,11,11,11,11,11,11,11,11,11,11,11,11,11,11
0.936,11,11,11,11,11,11,11,11,11,11,11,11,11,11,11,11,11,11,11,11,11
0.935,11,11,11,11,11,11,11,11,11,11,11,11,11,11,11,11,11,11,11,11,11
0.934,11,11,11,11,11,11,11,11,11,11,11,11,11,11,11,11,11,11,11,11,11
0.933,11,11,11,11,11,11,11,11,11,11,11,11,11,11,11,11,11,11,11,11,11
0.932,11,11,11,11,11,11,11,11,11,11,11,11,11,11,11,11,11,11,11,11,11
0.931,11,11,11,11,11,11,11,11,11,11,11,11,11,11,11,11,11,11,11,11,11
0.93,11,11,11,11,11,11,11,11,11,11,11,11,11,11,11,11,11,11,11,11,11
0.929,11,11,11,11,11,11,11,11,11,11,11,11,11,11,11,11,11,11,11,11,11
0.928,11,11,11,11,11,11,11,11,11,11,11,11,11,11,11,11,11,11,11,11,11
0.927,11,11,11,11,11,11,11,11,11,11,11,11,11,11,11,11,11,11,11,11,11
0.926,11,11,11,11,11,11,11,11,11,11,11,11,11,11,11,11,11,11,11,11,11
0.925,11,11,11,11,11,11,11,11,11,11,11,11,11,11,11,11,11,11,11,11,11
0.924,11,11,11,11,11,11,11,11,11,11,11,11,11,11,11,11,11,11,11,11,11
0.923,11,11,11,11,11,11,11,11,11,11,11,11,11,11,11,11,11,11,11,11,11
0.922,11,11,11,11,11,11,11,11,11,11,11,11,11,11,11,11,11,11,11,11,11
0.921,11,11,11,11,11,11,11,11,11,11,11,11,11,11,11,11,11,11,11,11,11
0.92,11,11,11,11,11,11,11,11,11,11,11,11,11,11,11,11,11,11,11,11,11
0.919,11,11,11,11,11,11,11,11,11,11,11,11,11,11,11,11,11,11,11,11,11
0.918,11,11,11,11,11,11,11,11,11,11,11,11,11,11,11,11,11,11,11,11,11
0.917,11,11,11,11,11,11,11,11,11,11,11,11,11,11,11,11,11,11,11,11,11
0.916,11,11,11,11,11,11,11,11,11,11,11,11,11,11,11,11,11,11,11,11,11
0.915,11,11,11,11,11,11,11,11,11,11,11,11,11,11,11,11,11,11,11,11,11
0.914,11,11,11,11,11,11,11,11,11,11,11,11,11,11,11,11,11,11,11,11,11
0.913,11,11,11,11,11,11,11,11,11,11,11,11,11,11,11,11,11,11,11,11,11
0.912,11,11,11,11,11,11,11,11,11,11,11,11,11,11,11,11,11,11,11,11,11
0.911,11,11,11,11,11,11,11,11,11,11,11,11,11,11,11,11,11,11,11,11,11
0.91,11,11,11,11,11,11,11,11,11,11,11,11,11,11,11,11,11,11,11,11,11
0.909,11,11,11,11,11,11,11,11,11,11,11,11,11,11,11,11,11,11,11,11,11
0.908,11,11,11,11,11,11,11,11,11,11,11,11,11,11,11,11,11,11,11,11,11
0.907,11,11,11,11,11,11,11,11,11,11,11,11,11,11,11,11,11,11,11,11,11
0.906,11,11,11,11,11,11,11,11,11,11,11,11,11,11,11,11,11,11,11,11,11
0.905,11,11,11,11,11,11,11,11,11,11,11,11,11,11,11,11,11,11,11,11,11
0.904,11,11,11,11,11,11,11,11,11,11,11,11,11,11,11,11,11,11,11,11,11
0.903,11,11,11,11,11,11,11,11,11,11,11,11,11,11,11,11,11,11,11,11,11
0.902,11,11,11,11,11,11,11,11,11,11,11,11,11,11,11,11,11,11,11,11,11
0.901,11,11,11,11,11,11,11,11,11,11,11,11,11,11,11,11,11,11,11,11,11
0.9,11,11,11,11,11,11,11,11,11,11,11,11,11,11,11,11,11,11,11,11,11
0.899,11,11,11,11,11,11,11,11,11,11,11,11,11,11,11,11,11,11,11,11,11
0.898,11,11,11,11,11,11,11,11,11,11,11,11,11,11,11,11,11,11,11,11,11
0.897,11,11,11,11,11,11,11,11,11,11,11,11,11,11,11,11,11,11,11,11,11
0.896,11,11,11,11,11,11,11,11,11,11,11,11,11,11,11,11,11,11,11,11,11
0.895,11,11,11,11,11,11,11,11,11,11,11,11,11,11,11,11,11,11,11,11,11
0.894,11,11,11,11,11,11,11,11,11,11,11,11,11,11,11,11,11,11,11,11,11
0.893,11,11,11,11,11,11,11,11,11,11,11,11,11,11,11,11,11,11,11,11,11
0.892,11,11,11,11,11,11,11,11,11,11,11,11,11,11,11,11,11,11,11,11,11
0.891,11,11,11,11,11,11,11,11,11,11,11,11,11,11,11,11,11,11,11,11,11
0.89,11,11,11,11,11,11,11,11,11,11,11,11,11,11,11,11,11,11,11,11,11
0.889,11,11,11,11,11,11,11,11,11,11,11,11,11,11,11,11,11,11,11,11,11
0.888,11,11,11,11,11,11,11,11,11,11,11,11,11,11,11,11,11,11,11,11,11
0.887,11,11,11,11,11,11,11,11,11,11,11,11,11,11,11,11,11,11,11,11,11
0.886,11,11,11,11,11,11,11,11,11,11,11,11,11,11,11,11,11,11,11,11,11
0.885,11,11,11,11,11,11,11,11,11,11,11,11,11,11,11,11,11,11,11,11,11
0.884,11,11,11,11,11,11,11,11,11,11,11,11,11,11,11,11,11,11,11,11,11
0.883,11,11,11,11,11,11,11,11,11,11,11,11,11,11,11,11,11,11,11,11,11
0.882,11,11,11,11,11,11,11,11,11,11,11,11,11,11,11,11,11,11,11,11,11
0.881,11,11,11,11,11,11,11,11,11,11,11,11,11,11,11,11,11,11,11,11,11
0.88,11,11,11,11,11,11,11,11,11,11,11,11,11,11,11,11,11,11,11,11,11
0.879,11,11,11,11,11,11,11,11,11,11,11,11,11,11,11,11,11,11,11,11,11
0.878,11,11,11,11,11,11,11,11,11,11,11,11,11,11,11,11,11,11,11,11,11
0.877,11,11,11,11,11,11,11,11,11,11,11,11,11,11,11,11,11,11,11,11,11
0.876,11,11,11,11,11,11,11,11,11,11,11,11,11,11,11,11,11,11,11,11,11
0.875,11,11,11,11,11,11,11,11,11,11,11,11,11,11,11,11,11,11,11,11,11
0.874,11,11,11,11,11,11,11,11,11,11,11,11,11,11,11,11,11,11,11,11,11
0.873,11,11,11,11,11,11,11,11,11,11,11,11,11,11,11,11,11,11,11,11,11
0.872,11,11,11,11,11,11,11,11,11,11,11,11,11,11,11,11,11,11,11,11,11
0.871,11,11,11,11,11,11,11,11,11,11,11,11,11,11,11,11,11,11,11,11,11
0.87,11,11,11,11,11,11,11,11,11,11,11,11,11,11,11,11,11,11,11,11,11
0.869,11,11,11,11,11,11,11,11,11,11,11,11,11,11,11,11,11,11,11,11,11
0.868,11,11,11,11,11,11,11,11,11,11,11,11,11,11,11,11,11,11,11,11,11
0.867,11,11,11,11,11,11,11,11,11,11,11,11,11,11,11,11,11,11,11,11,11
0.866,11,11,11,11,11,11,11,11,11,11,11,11,11,11,11,11,11,11,11,11,11
0.865,11,11,11,11,11,11,11,11,11,11,11,11,11,11,11,11,11,11,11,11,11
0.864,11,11,11,11,11,11,11,11,11,11,11,11,11,11,11,11,11,11,11,11,11
0.863,11,11,11,11,11,11,11,11,11,11,11,11,11,11,11,11,11,11,11,11,11
0.862,11,11,11,11,11,11,11,11,11,11,11,11,11,11,11,11,11,11,11,11,11
0.861,11,11,11,11,11,11,11,11,11,11,11,11,11,11,11,11,11,11,11,11,11
0.86,11,11,11,11,11,11,11,11,11,11,11,11,11,11,11,11,11,11,11,11,11
0.859,11,11,11,11,11,11,11,11,11,11,11,11,11,11,11,11,11,11,11,11,11
0.858,11,11,11,11,11,11,11,11,11,11,11,11,11,11,11,11,11,11,11,11,11
0.857,11,11,11,11,11,11,11,11,11,11,11,11,11,11,11,11,11,11,11,11,11
0.856,11,11,11,11,11,11,11,11,11,11,11,11,11,11,11,11,11,11,11,11,11
0.855,11,11,11,11,11,11,11,11,11,11,11,11,11,11,11,11,11,11,11,11,11
0.854,11,11,11,11,11,11,11,11,11,11,11,11,11,11,11,11,11,11,11,11,11
0.853,11,11,11,11,11,11,11,11,11,11,11,11,11,11,11,11,11,11,11,11,11
0.852,11,11,11,11,11,11,11,11,11,11,11,11,11,11,11,11,11,11,11,11,11
0.851,11,11,11,11,11,11,11,11,11,11,11,11,11,11,11,11,11,11,11,11,11
0.85,11,11,11,11,11,11,11,11,11,11,11,11,11,11,11,11,11,11,11,11,11
0.849,11,11,11,11,11,11,11,11,11,11,11,11,11,11,11,11,11,11,11,11,11
0.848,11,11,11,11,11,11,11,11,11,11,11,11,11,11,11,11,11,11,11,11,11
0.847,11,11,11,11,11,11,11,11,11,11,11,11,11,11,11,11,11,11,11,11,11
0.846,11,11,11,11,11,11,11,11,11,11,11,11,11,11,11,11,11,11,11,11,11
0.845,11,11,11,11,11,11,11,11,11,11,11,11,11,11,11,11,11,11,11,11,11
0.844,11,11,11,11,11,11,11,11,11,11,11,11,11,11,11,11,11,11,11,11,11
0.843,11,11,11,11,11,11,11,11,11,11,11,11,11,11,11,11,11,11,11,11,11
0.842,11,11,11,11,11,11,11,11,11,11,11,11,11,11,11,11,11,11,11,11,11
0.841,11,11,11,11,11,11,11,11,11,11,11,11,11,11,11,11,11,11,11,11,11
0.84,11,11,11,11,11,11,11,11,11,11,11,11,11,11,11,11,11,11,11,11,11
0.839,11,11,11,11,11,11,11,11,11,11,11,11,11,11,11,11,11,11,11,11,11
0.838,11,11,11,11,11,11,11,11,11,11,11,11,11,11,11,11,11,11,11,11,11
0.837,11,11,11,11,11,11,11,11,11,11,11,11,11,11,11,11,11,11,11,11,11
0.836,11,11,11,11,11,11,11,11,11,11,11,11,11,11,11,11,11,11,11,11,11
0.835,11,11,11,11,11,11,11,11,11,11,11,11,11,11,11,11,11,11,11,11,11
0.834,11,11,11,11,11,11,11,11,11,11,11,11,11,11,11,11,11,11,11,11,11
0.833,11,11,11,11,11,11,11,11,11,11,11,11,11,11,11,11,11,11,11,11,11
0.832,11,11,11,11,11,11,11,11,11,11,11,11,11,11,11,11,11,11,11,11,11
0.831,11,11,11,11,11,11,11,11,11,11,11,11,11,11,11,11,11,11,11,11,11
0.83,11,11,11,11,11,11,11,11,11,11,11,11,11,11,11,11,11,11,11,11,11
0.829,11,11,11,11,11,11,11,11,11,11,11,11,11,11,11,11,11,11,11,11,11
0.828,11,11,11,11,11,11,11,11,11,11,11,11,11,11,11,11,11,11,11,11,11
0.827,11,11,11,11,11,11,11,11,11,11,11,11,11,11,11,11,11,11,11,11,11
0.826,11,11,11,11,11,11,11,11,11,11,11,11,11,11,11,11,11,11,11,11,11
0.825,11,11,11,11,11,11,11,11,11,11,11,11,11,11,11,11,11,11,11,11,11
0.824,11,11,11,11,11,11,11,11,11,11,11,11,11,11,11,11,11,11,11,11,11
0.823,11,11,11,11,11,11,11,11,11,11,11,11,11,11,11,11,11,11,11,11,11
0.822,11,11,11,11,11,11,11,11,11,11,11,11,11,11,11,11,11,11,11,11,11
0.821,11,11,11,11,11,11,11,11,11,11,11,11,11,11,11,11,11,11,11,11,11
0.82,11,11,11,11,11,11,11,11,11,11,11,11,11,11,11,11,11,11,11,11,11
0.819,11,11,11,11,11,11,11,11,11,11,11,11,11,11,11,11,11,11,11,11,11
0.818,11,11,11,11,11,11,11,11,11,11,11,11,11,11,11,11,11,11,11,11,11
0.817,11,11,11,11,11,11,11,11,11,11,11,11,11,11,11,11,11,11,11,11,11
0.816,11,11,11,11,11,11,11,11,11,11,11,11,11,11,11,11,11,11,11,11,11
0.815,11,11,11,11,11,11,11,11,11,11,11,11,11,11,11,11,11,11,11,11,11
0.814,11,11,11,11,11,11,11,11,11,11,11,11,11,11,11,11,11,11,11,11,11
0.813,11,11,11,11,11,11,11,11,11,11,11,11,11,11,11,11,11,11,11,11,11
0.812,11,11,11,11,11,11,11,11,11,11,11,11,11,11,11,11,11,11,11,11,11
0.811,11,11,11,11,11,11,11,11,11,11,11,11,11,11,11,11,11,11,11,11,11
0.81,11,11,11,11,11,11,11,11,11,11,11,11,11,11,11,11,11,11,11,11,11
0.809,11,11,11,11,11,11,11,11,11,11,11,11,11,11,11,11,11,11,11,11,11
0.808,11,11,11,11,11,11,11,11,11,11,11,11,11,11,11,11,11,11,11,11,11
0.807,11,11,11,11,11,11,11,11,11,11,11,11,11,11,11,11,11,11,11,11,11
0.806,11,11,11,11,11,11,11,11,11,11,11,11,11,11,11,11,11,11,11,11,11
0.805,11,11,11,11,11,11,11,11,11,11,11,11,11,11,11,11,11,11,11,11,11
0.804,11,11,11,11,11,11,11,11,11,11,11,11,11,11,11,11,11,11,11,11,11
0.803,11,11,11,11,11,11,11,11,11,11,11,11,11,11,11,11,11,11,11,11,11
0.802,11,11,11,11,11,11,11,11,11,11,11,11,11,11,11,11,11,11,11,11,11
0.801,11,11,11,11,11,11,11,11,11,11,11,11,11,11,11,11,11,11,11,11,11
0.8,11,11,11,11,11,11,11,11,11,11,11,11,11,11,11,11,11,11,11,11,11
0.799,11,11,11,11,11,11,11,11,11,11,11,11,11,11,11,11,11,11,11,11,11
0.798,11,11,11,11,11,11,11,11,11,11,11,11,11,11,11,11,11,11,11,11,11
0.797,11,11,11,11,11,11,11,11,11,11,11,11,11,11,11,11,11,11,11,11,11
0.796,11,11,11,11,11,11,11,11,11,11,11,11,11,11,11,11,11,11,11,11,11
0.795,11,11,11,11,11,11,11,11,11,11,11,11,11,11,11,11,11,11,11,11,11
0.794,11,11,11,11,11,11,11,11,11,11,11,11,11,11,11,11,11,11,11,11,11
0.793,11,11,11,11,11,11,11,11,11,11,11,11,11,11,11,11,11,11,11,11,11
0.792,11,11,11,11,11,11,11,11,11,11,11,11,11,11,11,11,11,11,11,11,11
0.791,11,11,11,11,11,11,11,11,11,11,11,11,11,11,11,11,11,11,11,11,11
0.79,11,11,11,11,11,11,11,11,11,11,11,11,11,11,11,11,11,11,11,11,11
0.789,11,11,11,11,11,11,11,11,11,11,11,11,11,11,11,11,11,11,11,11,11
0.788,11,11,11,11,11,11,11,11,11,11,11,11,11,11,11,11,11,11,11,11,11
0.787,11,11,11,11,11,11,11,11,11,11,11,11,11,11,11,11,11,11,11,11,11
0.786,11,11,11,11,11,11,11,11,11,11,11,11,11,11,11,11,11,11,11,11,11
0.785,11,11,11,11,11,11,11,11,11,11,11,11,11,11,11,11,11,11,11,11,11
0.784,11,11,11,11,11,11,11,11,11,11,11,11,11,11,11,11,11,11,11,11,11
0.783,11,11,11,11,11,11,11,11,11,11,11,11,11,11,11,11,11,11,11,11,11
0.782,11,11,11,11,11,11,11,11,11,11,11,11,11,11,11,11,11,11,11,11,11
0.781,11,11,11,11,11,11,11,11,11,11,11,11,11,11,11,11,11,11,11,11,11
0.78,11,11,11,11,11,11,11,11,11,11,11,11,11,11,11,11,11,11,11,11,11
0.779,11,11,11,11,11,11,11,11,11,11,11,11,11,11,11,11,11,11,11,11,11
0.778,11,11,11,11,11,11,11,11,11,11,11,11,11,11,11,11,11,11,11,11,11
0.777,11,11,11,11,11,11,11,11,11,11,11,11,11,11,11,11,11,11,11,11,11
0.776,11,11,11,11,11,11,11,11,11,11,11,11,11,11,11,11,11,11,11,11,11
0.775,11,11,11,11,11,11,11,11,11,11,11,11,11,11,11,11,11,11,11,11,11
0.774,11,11,11,11,11,11,11,11,11,11,11,11,11,11,11,11,11,11,11,11,11
0.773,11,11,11,11,11,11,11,11,11,11,11,11,11,11,11,11,11,11,11,11,11
0.772,11,11,11,11,11,11,11,11,11,11,11,11,11,11,11,11,11,11,11,11,11
0.771,11,11,11,11,11,11,11,11,11,11,11,11,11,11,11,11,11,11,11,11,11
0.77,11,11,11,11,11,11,11,11,11,11,11,11,11,11,11,11,11,11,11,11,11
0.769,11,11,11,11,11,11,11,11,11,11,11,11,11,11,11,11,11,11,11,11,11
0.768,11,11,11,11,11,11,11,11,11,11,11,11,11,11,11,11,11,11,11,11,11
0.767,11,11,11,11,11,11,11,11,11,11,11,11,11,11,11,11,11,11,11,11,11
0.766,11,11,11,11,11,11,11,11,11,11,11,11,11,11,11,11,11,11,11,11,11
0.765,11,11,11,11,11,11,11,11,11,11,11,11,11,11,11,11,11,11,11,11,11
0.764,11,11,11,11,11,11,11,11,11,11,11,11,11,11,11,11,11,11,11,11,11
0.763,11,11,11,11,11,11,11,11,11,11,11,11,11,11,11,11,11,11,11,11,11
0.762,11,11,11,11,11,11,11,11,11,11,11,11,11,11,11,11,11,11,11,11,11
0.761,11,11,11,11,11,11,11,11,11,11,11,11,11,11,11,11,11,11,11,11,11
0.76,11,11,11,11,11,11,11,11,11,11,11,11,11,11,11,11,11,11,11,11,11
0.759,11,11,11,11,11,11,11,11,11,11,11,11,11,11,11,11,11,11,11,11,11
0.758,11,11,11,11,11,11,11,11,11,11,11,11,11,11,11,11,11,11,11,11,11
0.757,11,11,11,11,11,11,11,11,11,11,11,11,11,11,11,11,11,11,11,11,11
0.756,11,11,11,11,11,11,11,11,11,11,11,11,11,11,11,11,11,11,11,11,11
0.755,11,11,11,11,11,11,11,11,11,11,11,11,11,11,11,11,11,11,11,11,11
0.754,11,11,11,11,11,11,11,11,11,11,11,11,11,11,11,11,11,11,11,11,11
0.753,11,11,11,11,11,11,11,11,11,11,11,11,11,11,11,11,11,11,11,11,11
0.752,11,11,11,11,11,11,11,11,11,11,11,11,11,11,11,11,11,11,11,11,11
0.751,11,11,11,11,11,11,11,11,11,11,11,11,11,11,11,11,11,11,11,11,11
0.75,11,11,11,11,11,11,11,11,11,11,11,11,11,11,11,11,11,11,11,11,11
0.749,11,11,11,11,11,11,11,11,11,11,11,11,11,11,11,11,11,11,11,11,11
0.748,11,11,11,11,11,11,11,11,11,11,11,11,11,11,11,11,11,11,11,11,11
0.747,11,11,11,11,11,11,11,11,11,11,11,11,11,11,11,11,11,11,11,11,11
0.746,11,11,11,11,11,11,11,11,11,11,11,11,11,11,11,11,11,11,11,11,11
0.745,11,11,11,11,11,11,11,11,11,11,11,11,11,11,11,11,11,11,11,11,11
0.744,11,11,11,11,11,11,11,11,11,11,11,11,11,11,11,11,11,11,11,11,11
0.743,11,11,11,11,11,11,11,11,11,11,11,11,11,11,11,11,11,11,11,11,11
0.742,11,11,11,11,11,11,11,11,11,11,11,11,11,11,11,11,11,11,11,11,11
0.741,11,11,11,11,11,11,11,11,11,11,11,11,11,11,11,11,11,11,11,11,11
0.74,11,11,11,11,11,11,11,11,11,11,11,11,11,11,11,11,11,11,11,11,11
0.739,11,11,11,11,11,11,11,11,11,11,11,11,11,11,11,11,11,11,11,11,11
0.738,11,11,11,11,11,11,11,11,11,11,11,11,11,11,11,11,11,11,11,11,11
0.737,11,11,11,11,11,11,11,11,11,11,11,11,11,11,11,11,11,11,11,11,11
0.736,11,11,11,11,11,11,11,11,11,11,11,11,11,11,11,11,11,11,11,11,11
0.735,11,11,11,11,11,11,11,11,11,11,11,11,11,11,11,11,11,11,11,11,11
0.734,11,11,11,11,11,11,11,11,11,11,11,11,11,11,11,11,11,11,11,11,11
0.733,11,11,11,11,11,11,11,11,11,11,11,11,11,11,11,11,11,11,11,11,11
0.732,11,11,11,11,11,11,11,11,11,11,11,11,11,11,11,11,11,11,11,11,11
0.731,11,11,11,11,11,11,11,11,11,11,11,11,11,11,11,11,11,11,11,11,11
0.73,11,11,11,11,11,11,11,11,11,11,11,11,11,11,11,11,11,11,11,11,11
0.729,11,11,11,11,11,11,11,11,11,11,11,11,11,11,11,11,11,11,11,11,11
0.728,11,11,11,11,11,11,11,11,11,11,11,11,11,11,11,11,11,11,11,11,11
0.727,11,11,11,11,11,11,11,11,11,11,11,11,11,11,11,11,11,11,11,11,11
0.726,11,11,11,11,11,11,11,11,11,11,11,11,11,11,11,11,11,11,11,11,11
0.725,11,11,11,11,11,11,11,11,11,11,11,11,11,11,11,11,11,11,11,11,11
0.724,11,11,11,11,11,11,11,11,11,11,11,11,11,11,11,11,11,11,11,11,11
0.723,11,11,11,11,11,11,11,11,11,11,11,11,11,11,11,11,11,11,11,11,11
0.722,11,11,11,11,11,11,11,11,11,11,11,11,11,11,11,11,11,11,11,11,11
0.721,11,11,11,11,11,11,11,11,11,11,11,11,11,11,11,11,11,11,11,11,11
0.72,11,11,11,11,11,11,11,11,11,11,11,11,11,11,11,11,11,11,11,11,11
0.719,11,11,11,11,11,11,11,11,11,11,11,11,11,11,11,11,11,11,11,11,11
0.718,11,11,11,11,11,11,11,11,11,11,11,11,11,11,11,11,11,11,11,11,11
0.717,11,11,11,11,11,11,11,11,11,11,11,11,11,11,11,11,11,11,11,11,11
0.716,11,11,11,11,11,11,11,11,11,11,11,11,11,11,11,11,11,11,11,11,11
0.715,11,11,11,11,11,11,11,11,11,11,11,11,11,11,11,11,11,11,11,11,11
0.714,11,11,11,11,11,11,11,11,11,11,11,11,11,11,11,11,11,11,11,11,11
0.713,11,11,11,11,11,11,11,11,11,11,11,11,11,11,11,11,11,11,11,11,11
0.712,11,11,11,11,11,11,11,11,11,11,11,11,11,11,11,11,11,11,11,11,11
0.711,11,11,11,11,11,11,11,11,11,11,11,11,11,11,11,11,11,11,11,11,11
0.71,11,11,11,11,11,11,11,11,11,11,11,11,11,11,11,11,11,11,11,11,11
0.709,11,11,11,11,11,11,11,11,11,11,11,11,11,11,11,11,11,11,11,11,11
0.708,11,11,11,11,11,11,11,11,11,11,11,11,11,11,11,11,11,11,11,11,11
0.707,11,11,11,11,11,11,11,11,11,11,11,11,11,11,11,11,11,11,11,11,11
0.706,11,11,11,11,11,11,11,11,11,11,11,11,11,11,11,11,11,11,11,11,11
0.705,11,11,11,11,11,11,11,11,11,11,11,11,11,11,11,11,11,11,11,11,11
0.704,11,11,11,11,11,11,11,11,11,11,11,11,11,11,11,11,11,11,11,11,11
0.703,11,11,11,11,11,11,11,11,11,11,11,11,11,11,11,11,11,11,11,11,11
0.702,11,11,11,11,11,11,11,11,11,11,11,11,11,11,11,11,11,11,11,11,11
0.701,11,11,11,11,11,11,11,11,11,11,11,11,11,11,11,11,11,11,11,11,11
0.7,11,11,11,11,11,11,11,11,11,11,11,11,11,11,11,11,11,11,11,11,11
0.699,11,11,11,11,11,11,11,11,11,11,11,11,11,11,11,11,11,11,11,11,11
0.698,11,11,11,11,11,11,11,11,11,11,11,11,11,11,11,11,11,11,11,11,11
0.697,11,11,11,11,11,11,11,11,11,11,11,11,11,11,11,11,11,11,11,11,11
0.696,11,11,11,11,11,11,11,11,11,11,11,11,11,11,11,11,11,11,11,11,11
0.695,11,11,11,11,11,11,11,11,11,11,11,11,11,11,11,11,11,11,11,11,11
0.694,11,11,11,11,11,11,11,11,11,11,11,11,11,11,11,11,11,11,11,11,11
0.693,11,11,11,11,11,11,11,11,11,11,11,11,11,11,11,11,11,11,11,11,11
0.692,11,11,11,11,11,11,11,11,11,11,11,11,11,11,11,11,11,11,11,11,11
0.691,11,11,11,11,11,11,11,11,11,11,11,11,11,11,11,11,11,11,11,11,11
0.69,11,11,11,11,11,11,11,11,11,11,11,11,11,11,11,11,11,11,11,11,11
0.689,11,11,11,11,11,11,11,11,11,11,11,11,11,11,11,11,11,11,11,11,11
0.688,11,11,11,11,11,11,11,11,11,11,11,11,11,11,11,11,11,11,11,11,11
0.687,11,11,11,11,11,11,11,11,11,11,11,11,11,11,11,11,11,11,11,11,11
0.686,11,11,11,11,11,11,11,11,11,11,11,11,11,11,11,11,11,11,11,11,11
0.685,11,11,11,11,11,11,11,11,11,11,11,11,11,11,11,11,11,11,11,11,11
0.684,11,11,11,11,11,11,11,11,11,11,11,11,11,11,11,11,11,11,11,11,11
0.683,11,11,11,11,11,11,11,11,11,11,11,11,11,11,11,11,11,11,11,11,11
0.682,11,11,11,11,11,11,11,11,11,11,11,11,11,11,11,11,11,11,11,11,11
0.681,11,11,11,11,11,11,11,11,11,11,11,11,11,11,11,11,11,11,11,11,11
0.68,11,11,11,11,11,11,11,11,11,11,11,11,11,11,11,11,11,11,11,11,11
0.679,11,11,11,11,11,11,11,11,11,11,11,11,11,11,11,11,11,11,11,11,11
0.678,11,11,11,11,11,11,11,11,11,11,11,11,11,11,11,11,11,11,11,11,11
0.677,11,11,11,11,11,11,11,11,11,11,11,11,11,11,11,11,11,11,11,11,11
0.676,11,11,11,11,11,11,11,11,11,11,11,11,11,11,11,11,11,11,11,11,11
0.675,11,11,11,11,11,11,11,11,11,11,11,11,11,11,11,11,11,11,11,11,11
0.674,11,11,11,11,11,11,11,11,11,11,11,11,11,11,11,11,11,11,11,11,11
0.673,11,11,11,11,11,11,11,11,11,11,11,11,11,11,11,11,11,11,11,11,11
0.672,11,11,11,11,11,11,11,11,11,11,11,11,11,11,11,11,11,11,11,11,11
0.671,11,11,11,11,11,11,11,11,11,11,11,11,11,11,11,11,11,11,11,11,11
0.67,11,11,11,11,11,11,11,11,11,11,11,11,11,11,11,11,11,11,11,11,11
0.669,11,11,11,11,11,11,11,11,11,11,11,11,11,11,11,11,11,11,11,11,11
0.668,11,11,11,11,11,11,11,11,11,11,11,11,11,11,11,11,11,11,11,11,11
0.667,11,11,11,11,11,11,11,11,11,11,11,11,11,11,11,11,11,11,11,11,11
0.666,11,11,11,11,11,11,11,11,11,11,11,11,11,11,11,11,11,11,11,11,11
0.665,11,11,11,11,11,11,11,11,11,11,11,11,11,11,11,11,11,11,11,11,11
0.664,11,11,11,11,11,11,11,11,11,11,11,11,11,11,11,11,11,11,11,11,11
0.663,11,11,11,11,11,11,11,11,11,11,11,11,11,11,11,11,11,11,11,11,11
0.662,11,11,11,11,11,11,11,11,11,11,11,11,11,11,11,11,11,11,11,11,11
0.661,11,11,11,11,11,11,11,11,11,11,11,11,11,11,11,11,11,11,11,11,11
0.66,11,11,11,11,11,11,11,11,11,11,11,11,11,11,11,11,11,11,11,11,11
0.659,11,11,11,11,11,11,11,11,11,11,11,11,11,11,11,11,11,11,11,11,11
0.658,11,11,11,11,11,11,11,11,11,11,11,11,11,11,11,11,11,11,11,11,11
0.657,11,11,11,11,11,11,11,11,11,11,11,11,11,11,11,11,11,11,11,11,11
0.656,11,11,11,11,11,11,11,11,11,11,11,11,11,11,11,11,11,11,11,11,11
0.655,11,11,11,11,11,11,11,11,11,11,11,11,11,11,11,11,11,11,11,11,11
0.654,11,11,11,11,11,11,11,11,11,11,11,11,11,11,11,11,11,11,11,11,11
0.653,11,11,11,11,11,11,11,11,11,11,11,11,11,11,11,11,11,11,11,11,11
0.652,11,11,11,11,11,11,11,11,11,11,11,11,11,11,11,11,11,11,11,11,11
0.651,11,11,11,11,11,11,11,11,11,11,11,11,11,11,11,11,11,11,11,11,11
0.65,11,11,11,11,11,11,11,11,11,11,11,11,11,11,11,11,11,11,11,11,11
0.649,11,11,11,11,11,11,11,11,11,11,11,11,11,11,11,11,11,11,11,11,11
0.648,11,11,11,11,11,11,11,11,11,11,11,11,11,11,11,11,11,11,11,11,11
0.647,11,11,11,11,11,11,11,11,11,11,11,11,11,11,11,11,11,11,11,11,11
0.646,11,11,11,11,11,11,11,11,11,11,11,11,11,11,11,11,11,11,11,11,11
0.645,11,11,11,11,11,11,11,11,11,11,11,11,11,11,11,11,11,11,11,11,11
0.644,11,11,11,11,11,11,11,11,11,11,11,11,11,11,11,11,11,11,11,11,11
0.643,11,11,11,11,11,11,11,11,11,11,11,11,11,11,11,11,11,11,11,11,11
0.642,11,11,11,11,11,11,11,11,11,11,11,11,11,11,11,11,11,11,11,11,11
0.641,11,11,11,11,11,11,11,11,11,11,11,11,11,11,11,11,11,11,11,11,11
0.64,11,11,11,11,11,11,11,11,11,11,11,11,11,11,11,11,11,11,11,11,11
0.639,11,11,11,11,11,11,11,11,11,11,11,11,11,11,11,11,11,11,11,11,11
0.638,11,11,11,11,11,11,11,11,11,11,11,11,11,11,11,11,11,11,11,11,11
0.637,11,11,11,11,11,11,11,11,11,11,11,11,11,11,11,11,11,11,11,11,11
0.636,11,11,11,11,11,11,11,11,11,11,11,11,11,11,11,11,11,11,11,11,11
0.635,11,11,11,11,11,11,11,11,11,11,11,11,11,11,11,11,11,11,11,11,11
0.634,11,11,11,11,11,11,11,11,11,11,11,11,11,11,11,11,11,11,11,11,11
0.633,11,11,11,11,11,11,11,11,11,11,11,11,11,11,11,11,11,11,11,11,11
0.632,11,11,11,11,11,11,11,11,11,11,11,11,11,11,11,11,11,11,11,11,11
0.631,11,11,11,11,11,11,11,11,11,11,11,11,11,11,11,11,11,11,11,11,11
0.63,11,11,11,11,11,11,11,11,11,11,11,11,11,11,11,11,11,11,11,11,11
0.629,11,11,11,11,11,11,11,11,11,11,11,11,11,11,11,11,11,11,11,11,11
0.628,11,11,11,11,11,11,11,11,11,11,11,11,11,11,11,11,11,11,11,11,11
0.627,11,11,11,11,11,11,11,11,11,11,11,11,11,11,11,11,11,11,11,11,11
0.626,11,11,11,11,11,11,11,11,11,11,11,11,11,11,11,11,11,11,11,11,11
0.625,11,11,11,11,11,11,11,11,11,11,11,11,11,11,11,11,11,11,11,11,11
0.624,11,11,11,11,11,11,11,11,11,11,11,11,11,11,11,11,11,11,11,11,11
0.623,11,11,11,11,11,11,11,11,11,11,11,11,11,11,11,11,11,11,11,11,11
0.622,11,11,11,11,11,11,11,11,11,11,11,11,11,11,11,11,11,11,11,11,11
0.621,11,11,11,11,11,11,11,11,11,11,11,11,11,11,11,11,11,11,11,11,11
0.62,11,11,11,11,11,11,11,11,11,11,11,11,11,11,11,11,11,11,11,11,11
0.619,11,11,11,11,11,11,11,11,11,11,11,11,11,11,11,11,11,11,11,11,11
0.618,11,11,11,11,11,11,11,11,11,11,11,11,11,11,11,11,11,11,11,11,11
0.617,11,11,11,11,11,11,11,11,11,11,11,11,11,11,11,11,11,11,11,11,11
0.616,11,11,11,11,11,11,11,11,11,11,11,11,11,11,11,11,11,11,11,11,11
0.615,11,11,11,11,11,11,11,11,11,11,11,11,11,11,11,11,11,11,11,11,11
0.614,11,11,11,11,11,11,11,11,11,11,11,11,11,11,11,11,11,11,11,11,11
0.613,11,11,11,11,11,11,11,11,11,11,11,11,11,11,11,11,11,11,11,11,11
0.612,11,11,11,11,11,11,11,11,11,11,11,11,11,11,11,11,11,11,11,11,11
0.611,11,11,11,11,11,11,11,11,11,11,11,11,11,11,11,11,11,11,11,11,11
0.61,11,11,11,11,11,11,11,11,11,11,11,11,11,11,11,11,11,11,11,11,11
0.609,11,11,11,11,11,11,11,11,11,11,11,11,11,11,11,11,11,11,11,11,11
0.608,11,11,11,11,11,11,11,11,11,11,11,11,11,11,11,11,11,11,11,11,11
0.607,11,11,11,11,11,11,11,11,11,11,11,11,11,11,11,11,11,11,11,11,11
0.606,11,11,11,11,11,11,11,11,11,11,11,11,11,11,11,11,11,11,11,11,11
0.605,11,11,11,11,11,11,11,11,11,11,11,11,11,11,11,11,11,11,11,11,11
0.604,11,11,11,11,11,11,11,11,11,11,11,11,11,11,11,11,11,11,11,11,11
0.603,11,11,11,11,11,11,11,11,11,11,11,11,11,11,11,11,11,11,11,11,11
0.602,11,11,11,11,11,11,11,11,11,11,11,11,11,11,11,11,11,11,11,11,11
0.601,11,11,11,11,11,11,11,11,11,11,11,11,11,11,11,11,11,11,11,11,11
0.6,11,11,11,11,11,11,11,11,11,11,11,11,11,11,11,11,11,11,11,11,11
0.599,11,11,11,11,11,11,11,11,11,11,11,11,11,11,11,11,11,11,11,11,11
0.598,11,11,11,11,11,11,11,11,11,11,11,11,11,11,11,11,11,11,11,11,11
0.597,11,11,11,11,11,11,11,11,11,11,11,11,11,11,11,11,11,11,11,11,11
0.596,11,11,11,11,11,11,11,11,11,11,11,11,11,11,11,11,11,11,11,11,11
0.595,11,11,11,11,11,11,11,11,11,11,11,11,11,11,11,11,11,11,11,11,11
0.594,11,11,11,11,11,11,11,11,11,11,11,11,11,11,11,11,11,11,11,11,11
0.593,11,11,11,11,11,11,11,11,11,11,11,11,11,11,11,11,11,11,11,11,11
0.592,11,11,11,11,11,11,11,11,11,11,11,11,11,11,11,11,11,11,11,11,11
0.591,11,11,11,11,11,11,11,11,11,11,11,11,11,11,11,11,11,11,11,11,11
0.59,11,11,11,11,11,11,11,11,11,11,11,11,11,11,11,11,11,11,11,11,11
0.589,11,11,11,11,11,11,11,11,11,11,11,11,11,11,11,11,11,11,11,11,11
0.588,11,11,11,11,11,11,11,11,11,11,11,11,11,11,11,11,11,11,11,11,11
0.587,11,11,11,11,11,11,11,11,11,11,11,11,11,11,11,11,11,11,11,11,11
0.586,11,11,11,11,11,11,11,11,11,11,11,11,11,11,11,11,11,11,11,11,11
0.585,11,11,11,11,11,11,11,11,11,11,11,11,11,11,11,11,11,11,11,11,11
0.584,11,11,11,11,11,11,11,11,11,11,11,11,11,11,11,11,11,11,11,11,11
0.583,11,11,11,11,11,11,11,11,11,11,11,11,11,11,11,11,11,11,11,11,11
0.582,11,11,11,11,11,11,11,11,11,11,11,11,11,11,11,11,11,11,11,11,11
0.581,11,11,11,11,11,11,11,11,11,11,11,11,11,11,11,11,11,11,11,11,11
0.58,11,11,11,11,11,11,11,11,11,11,11,11,11,11,11,11,11,11,11,11,11
0.579,11,11,11,11,11,11,11,11,11,11,11,11,11,11,11,11,11,11,11,11,11
0.578,11,11,11,11,11,11,11,11,11,11,11,11,11,11,11,11,11,11,11,11,11
0.577,11,11,11,11,11,11,11,11,11,11,11,11,11,11,11,11,11,11,11,11,11
0.576,11,11,11,11,11,11,11,11,11,11,11,11,11,11,11,11,11,11,11,11,11
0.575,11,11,11,11,11,11,11,11,11,11,11,11,11,11,11,11,11,11,11,11,11
0.574,11,11,11,11,11,11,11,11,11,11,11,11,11,11,11,11,11,11,11,11,11
0.573,11,11,11,11,11,11,11,11,11,11,11,11,11,11,11,11,11,11,11,11,11
0.572,11,11,11,11,11,11,11,11,11,11,11,11,11,11,11,11,11,11,11,11,11
0.571,11,11,11,11,11,11,11,11,11,11,11,11,11,11,11,11,11,11,11,11,11
0.57,11,11,11,11,11,11,11,11,11,11,11,11,11,11,11,11,11,11,11,11,11
0.569,11,11,11,11,11,11,11,11,11,11,11,11,11,11,11,11,11,11,11,11,11
0.568,11,11,11,11,11,11,11,11,11,11,11,11,11,11,11,11,11,11,11,11,11
0.567,11,11,11,11,11,11,11,11,11,11,11,11,11,11,11,11,11,11,11,11,11
0.566,11,11,11,11,11,11,11,11,11,11,11,11,11,11,11,11,11,11,11,11,11
0.565,11,11,11,11,11,11,11,11,11,11,11,11,11,11,11,11,11,11,11,11,11
0.564,11,11,11,11,11,11,11,11,11,11,11,11,11,11,11,11,11,11,11,11,11
0.563,11,11,11,11,11,11,11,11,11,11,11,11,11,11,11,11,11,11,11,11,11
0.562,11,11,11,11,11,11,11,11,11,11,11,11,11,11,11,11,11,11,11,11,11
0.561,11,11,11,11,11,11,11,11,11,11,11,11,11,11,11,11,11,11,11,11,11
0.56,11,11,11,11,11,11,11,11,11,11,11,11,11,11,11,11,11,11,11,11,11
0.559,11,11,11,11,11,11,11,11,11,11,11,11,11,11,11,11,11,11,11,11,11
0.558,11,11,11,11,11,11,11,11,11,11,11,11,11,11,11,11,11,11,11,11,11
0.557,11,11,11,11,11,11,11,11,11,11,11,11,11,11,11,11,11,11,11,11,11
0.556,11,11,11,11,11,11,11,11,11,11,11,11,11,11,11,11,11,11,11,11,11
0.555,11,11,11,11,11,11,11,11,11,11,11,11,11,11,11,11,11,11,11,11,11
0.554,11,11,11,11,11,11,11,11,11,11,11,11,11,11,11,11,11,11,11,11,11
0.553,11,11,11,11,11,11,11,11,11,11,11,11,11,11,11,11,11,11,11,11,11
0.552,11,11,11,11,11,11,11,11,11,11,11,11,11,11,11,11,11,11,11,11,11
0.551,11,11,11,11,11,11,11,11,11,11,11,11,11,11,11,11,11,11,11,11,11
0.55,11,11,11,11,11,11,11,11,11,11,11,11,11,11,11,11,11,11,11,11,11
0.549,11,11,11,11,11,11,11,11,11,11,11,11,11,11,11,11,11,11,11,11,11
0.548,11,11,11,11,11,11,11,11,11,11,11,11,11,11,11,11,11,11,11,11,11
0.547,11,11,11,11,11,11,11,11,11,11,11,11,11,11,11,11,11,11,11,11,11
0.546,11,11,11,11,11,11,11,11,11,11,11,11,11,11,11,11,11,11,11,11,11
0.545,11,11,11,11,11,11,11,11,11,11,11,11,11,11,11,11,11,11,11,11,11
0.544,11,11,11,11,11,11,11,11,11,11,11,11,11,11,11,11,11,11,11,11,11
0.543,11,11,11,11,11,11,11,11,11,11,11,11,11,11,11,11,11,11,11,11,11
0.542,11,11,11,11,11,11,11,11,11,11,11,11,11,11,11,11,11,11,11,11,11
0.541,11,11,11,11,11,11,11,11,11,11,11,11,11,11,11,11,11,11,11,11,11
0.54,11,11,11,11,11,11,11,11,11,11,11,11,11,11,11,11,11,11,11,11,11
0.539,11,11,11,11,11,11,11,11,11,11,11,11,11,11,11,11,11,11,11,11,11
0.538,11,11,11,11,11,11,11,11,11,11,11,11,11,11,11,11,11,11,11,11,11
0.537,11,11,11,11,11,11,11,11,11,11,11,11,11,11,11,11,11,11,11,11,11
0.536,11,11,11,11,11,11,11,11,11,11,11,11,11,11,11,11,11,11,11,11,11
0.535,11,11,11,11,11,11,11,11,11,11,11,11,11,11,11,11,11,11,11,11,11
0.534,11,11,11,11,11,11,11,11,11,11,11,11,11,11,11,11,11,11,11,11,11
0.533,11,11,11,11,11,11,11,11,11,11,11,11,11,11,11,11,11,11,11,11,11
0.532,11,11,11,11,11,11,11,11,11,11,11,11,11,11,11,11,11,11,11,11,11
0.531,11,11,11,11,11,11,11,11,11,11,11,11,11,11,11,11,11,11,11,11,11
0.53,11,11,11,11,11,11,11,11,11,11,11,11,11,11,11,11,11,11,11,11,11
0.529,11,11,11,11,11,11,11,11,11,11,11,11,11,11,11,11,11,11,11,11,11
0.528,11,11,11,11,11,11,11,11,11,11,11,11,11,11,11,11,11,11,11,11,11
0.527,11,11,11,11,11,11,11,11,11,11,11,11,11,11,11,11,11,11,11,11,11
0.526,11,11,11,11,11,11,11,11,11,11,11,11,11,11,11,11,11,11,11,11,11
0.525,11,11,11,11,11,11,11,11,11,11,11,11,11,11,11,11,11,11,11,11,11
0.524,11,11,11,11,11,11,11,11,11,11,11,11,11,11,11,11,11,11,11,11,11
0.523,11,11,11,11,11,11,11,11,11,11,11,11,11,11,11,11,11,11,11,11,11
0.522,11,11,11,11,11,11,11,11,11,11,11,11,11,11,11,11,11,11,11,11,11
0.521,11,11,11,11,11,11,11,11,11,11,11,11,11,11,11,11,11,11,11,11,11
0.52,11,11,11,11,11,11,11,11,11,11,11,11,11,11,11,11,11,11,11,11,11
0.519,11,11,11,11,11,11,11,11,11,11,11,11,11,11,11,11,11,11,11,11,11
0.518,11,11,11,11,11,11,11,11,11,11,11,11,11,11,11,11,11,11,11,11,11
0.517,11,11,11,11,11,11,11,11,11,11,11,11,11,11,11,11,11,11,11,11,11
0.516,11,11,11,11,11,11,11,11,11,11,11,11,11,11,11,11,11,11,11,11,11
0.515,11,11,11,11,11,11,11,11,11,11,11,11,11,11,11,11,11,11,11,11,11
0.514,11,11,11,11,11,11,11,11,11,11,11,11,11,11,11,11,11,11,11,11,11
0.513,11,11,11,11,11,11,11,11,11,11,11,11,11,11,11,11,11,11,11,11,11
0.512,11,11,11,11,11,11,11,11,11,11,11,11,11,11,11,11,11,11,11,11,11
0.511,11,11,11,11,11,11,11,11,11,11,11,11,11,11,11,11,11,11,11,11,11
0.51,11,11,11,11,11,11,11,11,11,11,11,11,11,11,11,11,11,11,11,11,11
0.509,11,11,11,11,11,11,11,11,11,11,11,11,11,11,11,11,11,11,11,11,11
0.508,11,11,11,11,11,11,11,11,11,11,11,11,11,11,11,11,11,11,11,11,11
0.507,11,11,11,11,11,11,11,11,11,11,11,11,11,11,11,11,11,11,11,11,11
0.506,11,11,11,11,11,11,11,11,11,11,11,11,11,11,11,11,11,11,11,11,11
0.505,11,11,11,11,11,11,11,11,11,11,11,11,11,11,11,11,11,11,11,11,11
0.504,11,11,11,11,11,11,11,11,11,11,11,11,11,11,11,11,11,11,11,11,11
0.503,11,11,11,11,11,11,11,11,11,11,11,11,11,11,11,11,11,11,11,11,11
0.502,11,11,11,11,11,11,11,11,11,11,11,11,11,11,11,11,11,11,11,11,11
0.501,11,11,11,11,11,11,11,11,11,11,11,11,11,11,11,11,11,11,11,11,11
0.5,11,11,11,11,11,11,11,11,11,11,11,11,11,11,11,11,11,11,11,11,11
